date,crude_stk,crude_stk_spr,gas_stk,dist_stk
1/5/2024,787397,354994,244982,132383
12/29/2023,785453,354388,236954,125855
12/22/2023,789901,353333,226054,115765
12/15/2023,796222,352540,226723,115024
12/8/2023,792684,351911,224013,113539
12/1/2023,796948,351917,223604,112045
11/24/2023,801251,351587,218184,110778
11/17/2023,799328,351274,216420,105561
11/10/2023,790628,351274,215670,106579
11/3/2023,787036,351274,217210,108001
10/27/2023,773167,351274,223522,111295
10/20/2023,772394,351274,223457,112087
10/13/2023,771022,351274,223301,113773
10/6/2023,775513,351274,225671,116958
9/29/2023,765343,351280,226984,118795
9/22/2023,767267,350980,220503,120064
9/15/2023,769686,351230,219476,119666
9/8/2023,771222,350630,220307,122533
9/1/2023,766977,350340,214746,118602
8/25/2023,772486,349542,217412,117923
8/18/2023,782476,348948,217626,116688
8/11/2023,788016,348354,216158,115743
8/4/2023,793376,347754,216420,115447
7/28/2023,786530,346759,219081,117153
7/21/2023,803579,346759,217600,117949
7/14/2023,804179,346759,218386,118194
7/7/2023,804886,346758,219452,118181
6/30/2023,799341,347159,219456,113366
6/23/2023,802307,348617,222005,114411
6/16/2023,813261,349968,221402,114288
6/9/2023,818811,351687,220923,113854
6/2/2023,812774,353569,218815,111731
5/26/2023,815093,355436,216070,106657
5/19/2023,813122,357954,216277,105672
5/12/2023,827210,359586,218330,106233
5/5/2023,824598,362014,219711,106153
4/28/2023,824571,364938,222878,110323
4/21/2023,827856,366942,221136,111513
4/14/2023,833931,367963,223544,112090
4/7/2023,840124,369575,222245,112445
3/31/2023,841127,371175,222575,113051
3/24/2023,845270,371579,226694,116683
3/17/2023,852759,371579,229598,116402
3/10/2023,851642,371579,235997,119715
3/3/2023,850092,371579,238058,122252
2/24/2023,851786,371579,239192,122114
2/17/2023,850620,371579,240066,121935
2/10/2023,842973,371579,241922,119237
2/3/2023,826690,371579,239606,120522
1/27/2023,824267,371579,234598,117590
1/20/2023,820127,371579,232022,115270
1/13/2023,819594,371579,230259,115777
1/6/2023,811187,371580,226776,117716
12/30/2022,793026,372380,222662,118785
12/23/2022,794080,375128,223008,120212
12/16/2022,796858,378624,226113,119929
12/9/2022,806400,382271,223583,120171
12/2/2022,800917,387019,219087,118807
11/25/2022,808200,389116,213768,112648
11/18/2022,822183,390518,210998,109101
11/11/2022,827474,392119,207940,107383
11/4/2022,836974,396219,205733,106263
10/28/2022,836622,399792,206633,106784
10/21/2022,841663,401718,207890,106357
10/14/2022,842492,405135,209368,106187
10/7/2022,847781,408699,209482,106063
9/30/2022,845592,416389,207460,110916
9/23/2022,853142,422583,212188,114359
9/16/2022,857932,427158,214610,117250
9/9/2022,863690,434057,213040,116020
9/2/2022,869662,442471,214808,111801
8/26/2022,868344,449998,214475,111706
8/19/2022,874737,453065,215647,111594
8/12/2022,886110,461156,215674,112256
8/5/2022,896568,464558,220316,111490
7/29/2022,896408,469855,225294,109324
7/22/2022,896631,474545,225131,111724
7/15/2022,906758,480149,228435,112508
7/8/2022,912201,485147,224937,113803
7/1/2022,915828,492028,219112,111135
6/24/2022,913434,497868,221608,112401
6/17/2022,923146,504818,218963,109842
6/10/2022,930326,511612,217474,109709
6/3/2022,936081,519323,218184,108984
5/27/2022,941325,526592,218996,106392
5/20/2022,951814,532013,219707,106921
5/13/2022,958804,537984,220189,105264
5/6/2022,967208,542994,224968,104029
4/29/2022,965712,549985,228575,104942
4/22/2022,967494,553070,230805,107286
4/15/2022,969713,555980,232378,108735
4/8/2022,982434,560681,233139,111399
4/1/2022,976951,564580,236787,114301
3/25/2022,978272,568322,238828,113530
3/18/2022,984722,571323,238043,112135
3/11/2022,991420,575513,240991,114206
3/4/2022,989058,577496,244606,113874
2/25/2022,993445,580020,246011,119104
2/18/2022,998406,582384,246479,119678
2/11/2022,996336,584828,247061,120262
2/4/2022,997902,587515,248393,121814
1/28/2022,1004055,588912,250037,122744
1/21/2022,1006972,590782,247918,125154
1/14/2022,1005847,592034,246621,127952
1/7/2022,1006680,593382,240748,129383
12/31/2021,1011533,593682,232787,126846
12/24/2021,1015023,595028,222659,122428
12/17/2021,1019952,596381,224118,124154
12/10/2021,1027203,598917,218585,123758
12/3/2021,1033737,600867,219304,126610
11/26/2021,1035667,602556,215422,123877
11/19/2021,1038525,604505,211393,121717
11/12/2021,1039150,606147,211996,123685
11/5/2021,1044500,609396,212703,124509
10/29/2021,1046643,612541,214258,127122
10/22/2021,1044998,614186,215746,124962
10/15/2021,1041820,615276,217739,125394
10/8/2021,1043945,616970,223107,129307
10/1/2021,1038657,617770,225065,129331
9/24/2021,1037231,618689,221809,129727
9/17/2021,1033533,619569,221616,129343
9/10/2021,1038218,620773,218142,131897
9/3/2021,1045169,621302,219999,133586
8/27/2021,1046697,621302,227214,136727
8/20/2021,1053866,621302,225924,138459
8/13/2021,1056846,621302,228165,137814
8/6/2021,1060081,621304,227469,140511
7/30/2021,1060529,621304,228870,138744
7/23/2021,1056902,621304,234161,137912
7/16/2021,1060991,621304,236414,141000
7/9/2021,1058884,621304,236535,142349
7/2/2021,1066780,621304,235497,138692
6/25/2021,1074829,622487,241572,137076
6/18/2021,1082948,623888,240050,137945
6/11/2021,1092267,625593,242980,136191
6/4/2021,1100513,626484,241026,137214
5/28/2021,1107103,627833,233980,132802
5/21/2021,1112830,628481,232481,129082
5/14/2021,1116138,630127,234226,132095
5/7/2021,1116719,632028,236189,134419
4/30/2021,1118544,633427,235811,136153
4/23/2021,1127582,634475,235074,139049
4/16/2021,1128941,635924,234982,142391
4/9/2021,1129090,636667,234897,143464
4/2/2021,1136086,637773,234588,145547
3/26/2021,1139608,637773,230544,144095
3/19/2021,1140484,637773,232279,141553
3/12/2021,1138572,637773,232075,137747
3/5/2021,1136176,637773,231603,137492
2/26/2021,1122378,637773,243472,142996
2/19/2021,1100815,637773,257096,152715
2/12/2021,1099530,637773,257084,157684
2/5/2021,1106935,637921,256412,161106
1/29/2021,1113745,638086,252153,162838
1/22/2021,1114739,638086,247686,162847
1/15/2021,1124648,638085,245217,163662
1/8/2021,1120296,638085,245476,163205
1/1/2021,1123544,638085,241081,158419
12/25/2020,1131554,638085,236562,152029
12/18/2020,1137619,638085,237754,148934
12/11/2020,1138182,638086,238879,151259
12/4/2020,1141316,638085,237859,151092
11/27/2020,1126232,638190,233638,145870
11/20/2020,1126911,638190,230147,142632
11/13/2020,1127776,638301,227967,144073
11/6/2020,1127412,638706,225356,149289
10/30/2020,1123699,639270,227665,154644
10/23/2020,1131850,639423,226124,156228
10/16/2020,1128188,640081,227016,160719
10/9/2020,1129956,640847,225121,164551
10/2/2020,1134933,642006,226747,171796
9/25/2020,1135577,643151,228182,172758
9/18/2020,1139358,644952,227499,175942
9/11/2020,1141778,645733,231524,179306
9/4/2020,1148294,647860,231905,175845
8/28/2020,1146566,648165,234859,177520
8/21/2020,1157228,649465,239179,179195
8/14/2020,1163680,651228,243762,177807
8/7/2020,1167983,653899,247084,177655
7/31/2020,1174737,656141,247806,179977
7/24/2020,1182116,656147,247387,178386
7/17/2020,1192727,656147,246733,177883
7/10/2020,1187837,656149,248535,176809
7/3/2020,1195204,656023,251682,177262
6/26/2020,1188940,655413,256521,174127
6/19/2020,1194443,653721,255322,174720
6/12/2020,1191010,651730,256995,174471
6/5/2020,1188064,649999,258661,175829
5/29/2020,1180124,647779,257795,174261
5/22/2020,1178181,643759,255000,164327
5/15/2020,1168142,641648,255724,158832
5/8/2020,1171242,639766,252894,155001
5/1/2020,1170054,637833,256407,151490
4/24/2020,1163748,636117,259565,141972
4/17/2020,1153607,634967,263234,136880
4/10/2020,1138585,634967,262217,129004
4/3/2020,1119337,634967,257303,122724
3/27/2020,1104160,634967,246806,122248
3/20/2020,1090327,634967,239282,124442
3/13/2020,1088704,634967,240819,125120
3/6/2020,1086750,634967,246999,128060
2/28/2020,1079086,634967,252048,134464
2/21/2020,1078302,634967,256387,138472
2/14/2020,1077850,634967,259078,140587
2/7/2020,1077435,634967,261049,141222
1/31/2020,1069976,634967,261144,143235
1/24/2020,1066621,634967,261235,144747
1/17/2020,1063073,634967,260032,146036
1/10/2020,1063478,634967,258287,147221
1/3/2020,1066027,634967,251609,139050
12/27/2019,1064863,634967,242472,133720
12/20/2019,1076326,634967,239260,124944
12/13/2019,1081800,634967,237297,125096
12/6/2019,1082886,634968,234768,123587
11/29/2019,1082262,635166,229363,119469
11/22/2019,1088122,636170,225978,116406
11/15/2019,1087917,637537,220846,115681
11/8/2019,1088510,639509,219090,116655
11/1/2019,1087734,640952,217229,119132
10/25/2019,1080505,641652,220057,119754
10/18/2019,1075501,642350,223094,120786
10/11/2019,1078199,643349,226201,123501
10/4/2019,1070187,644618,228763,127324
9/27/2019,1067460,644818,229976,131267
9/20/2019,1064356,644818,230204,133685
9/13/2019,1061944,644818,229685,136663
9/6/2019,1060886,644818,228904,136226
8/30/2019,1067798,644818,229586,133522
8/23/2019,1072569,644818,231982,136060
8/16/2019,1082596,644818,234072,138123
8/9/2019,1085328,644818,233760,135513
8/2/2019,1083748,644818,235172,137451
7/26/2019,1081363,644818,230735,135922
7/19/2019,1089859,644818,232526,136816
7/12/2019,1100694,644818,232752,136203
7/5/2019,1103810,644818,229187,130517
6/28/2019,1113309,644818,230642,126788
6/21/2019,1114394,644818,232225,125380
6/14/2019,1127182,644818,233221,127821
6/7/2019,1130288,644818,234913,128372
5/31/2019,1128082,644818,234149,129372
5/24/2019,1121311,644818,230944,124800
5/17/2019,1121593,644818,228740,126415
5/10/2019,1117988,645953,225024,125647
5/3/2019,1114321,647717,226147,125563
4/26/2019,1119154,648587,226743,125722
4/19/2019,1109759,649126,225826,127029
4/12/2019,1104280,649126,227955,127691
4/5/2019,1105676,649126,229129,128053
3/29/2019,1098647,649126,236839,128169
3/22/2019,1091409,649126,238620,130167
3/15/2019,1088609,649126,241503,132242
3/8/2019,1098198,649126,246090,136369
3/1/2019,1102060,649126,250714,135986
2/22/2019,1095004,649139,254941,138379
2/15/2019,1103651,649139,256847,138683
2/8/2019,1099979,649139,258301,140200
2/1/2019,1096346,649139,257893,139013
1/25/2019,1095083,649139,257380,141270
1/18/2019,1094164,649139,259615,142392
1/11/2019,1086194,649139,255565,143009
1/4/2019,1088877,649139,248062,140042
12/28/2018,1090557,649139,239996,129431
12/21/2018,1090550,649139,233106,119902
12/14/2018,1090594,649137,230103,119900
12/7/2018,1091517,649563,228337,124137
11/30/2018,1092723,649561,226250,125612
11/23/2018,1101049,650564,224551,121801
11/16/2018,1099477,652569,225315,119191
11/9/2018,1095386,653329,226610,119268
11/2/2018,1086487,654700,228021,122857
10/26/2018,1080939,654935,226169,126322
10/19/2018,1079263,656476,229330,130376
10/12/2018,1074075,657634,234156,132638
10/5/2018,1068655,658704,236172,133465
9/28/2018,1063974,660010,235221,136131
9/21/2018,1055999,660010,235680,137881
9/14/2018,1054147,660010,234150,140122
9/7/2018,1056205,660011,235869,139283
8/31/2018,1061502,660012,234619,133120
8/24/2018,1065804,660012,232774,130001
8/17/2018,1068370,660012,234328,130838
8/10/2018,1074207,660013,233128,128989
8/3/2018,1067402,660013,233868,125423
7/27/2018,1068754,660014,230968,124193
7/20/2018,1064951,660014,233504,121210
7/13/2018,1071098,660014,235832,121311
7/6/2018,1065263,660015,238997,121682
6/29/2018,1077897,660016,239691,117557
6/22/2018,1076652,660016,241196,117423
6/15/2018,1086543,660016,240040,117408
6/8/2018,1092609,660168,236763,114693
6/1/2018,1096752,660168,239034,116794
5/25/2018,1095289,660777,234431,114629
5/18/2018,1099468,661336,233897,113995
5/11/2018,1094391,662037,232014,114946
5/4/2018,1097315,663557,235804,115038
4/27/2018,1100221,664266,237978,118829
4/20/2018,1094455,664718,236807,122729
4/13/2018,1093023,665456,235967,125340
4/6/2018,1094094,665456,238935,128447
3/30/2018,1090788,665456,238477,129491
3/23/2018,1095407,665458,239593,128954
3/16/2018,1093764,665458,243065,131044
3/9/2018,1096386,665458,244758,133066
3/2/2018,1091364,665458,251029,137426
2/23/2018,1088779,665281,251817,137985
2/16/2018,1085351,664872,249334,138945
2/9/2018,1087663,665568,249073,141367
2/2/2018,1085402,665148,245474,141826
1/26/2018,1083045,664686,242060,137900
1/19/2018,1076037,664454,244040,139840
1/12/2018,1076872,664218,240942,139201
1/5/2018,1083262,663747,237322,143088
12/29/2017,1088211,663748,233187,138834
12/22/2017,1095274,663392,228374,129935
12/15/2017,1099785,663294,227783,128845
12/8/2017,1105897,662911,226546,128076
12/1/2017,1110766,662663,220882,129446
11/24/2017,1118824,665111,214102,127779
11/17/2017,1124617,667475,210475,125032
11/10/2017,1128197,669200,210431,124763
11/3/2017,1127049,669906,209537,125562
10/27/2017,1125493,670587,212849,128921
10/20/2017,1128718,671377,216869,129241
10/13/2017,1128176,671691,222334,134487
10/6/2017,1134665,672449,221426,133959
9/29/2017,1138612,673649,218936,135439
9/22/2017,1145587,674601,217292,138045
9/15/2017,1148229,675397,216185,138859
9/8/2017,1145248,677007,218310,144552
9/1/2017,1140953,678600,226738,147767
8/25/2017,1136653,678880,229937,149163
8/18/2017,1142048,678883,229902,148415
8/11/2017,1145375,678883,231125,148387
8/4/2017,1154320,678883,231103,147685
7/28/2017,1160772,678884,227679,149414
7/21/2017,1162300,678885,230196,149564
7/14/2017,1169508,678885,231211,151416
7/7/2017,1174237,678887,235656,153553
6/30/2017,1184951,682037,237303,150422
6/23/2017,1191649,682436,240972,152272
6/16/2017,1192937,683842,241866,152495
6/9/2017,1196171,684625,242444,151416
6/2/2017,1198233,685026,240348,151088
5/26/2017,1196594,686682,237024,146733
5/19/2017,1204001,687661,239882,146339
5/12/2017,1208831,688059,240669,146824
5/5/2017,1211312,688787,241082,148768
4/28/2017,1217110,689338,241232,150355
4/21/2017,1219512,690810,241041,150917
4/14/2017,1223654,691311,237672,148266
4/7/2017,1224887,691510,236130,150221
3/31/2017,1227678,692135,239103,152374
3/24/2017,1226636,692659,239721,152910
3/17/2017,1226493,693383,243468,155393
3/10/2017,1222165,694009,246279,157303
3/3/2017,1223218,694825,249334,161532
2/24/2017,1215260,695076,255889,164208
2/17/2017,1213761,695078,256435,165133
2/10/2017,1213197,695078,259063,170057
2/3/2017,1203670,695078,256217,170746
1/27/2017,1189841,695079,257086,170717
1/20/2017,1183377,695081,253220,169149
1/13/2017,1180537,695081,246424,169073
1/6/2017,1178191,695082,240473,170041
12/30/2016,1174094,695082,235450,161685
12/23/2016,1181145,695082,227143,151634
12/16/2016,1180532,695083,228736,153515
12/9/2016,1178277,695084,230045,155935
12/2/2016,1180840,695084,229548,156697
11/25/2016,1183230,695085,226123,154196
11/18/2016,1184115,695086,224026,149239
11/11/2016,1185371,695087,221709,148912
11/4/2016,1180097,695087,220963,148602
10/28/2016,1177666,695088,223804,150550
10/21/2016,1163247,695089,226011,152378
10/14/2016,1163800,695089,227967,155732
10/7/2016,1169048,695090,225498,156972
9/30/2016,1164199,695091,227405,160718
9/23/2016,1167176,695092,227183,163077
9/16/2016,1169058,695092,225156,164992
9/9/2016,1175259,695093,228360,162754
9/2/2016,1175818,695093,227793,158135
8/26/2016,1190332,695094,232004,154753
8/19/2016,1188057,695095,232695,153257
8/12/2016,1185557,695096,232659,153135
8/5/2016,1188065,695096,235383,151196
7/29/2016,1187013,695099,238190,153155
7/22/2016,1185600,695099,241452,152003
7/15/2016,1183929,695099,241000,152783
7/8/2016,1186272,695100,240089,152997
7/1/2016,1188820,695102,238876,148939
6/24/2016,1191045,695104,238998,150513
6/17/2016,1195098,695104,237631,152314
6/10/2016,1196015,695104,237004,152163
6/3/2016,1196948,695104,239629,151377
5/27/2016,1199311,695106,238619,149623
5/20/2016,1200677,695106,240111,150878
5/13/2016,1204904,695107,238068,152162
5/6/2016,1203594,695107,240564,155332
4/29/2016,1207203,695108,241795,156979
4/22/2016,1204422,695111,241259,158240
4/15/2016,1202424,695112,239651,159935
4/8/2016,1200344,695112,239761,163489
4/1/2016,1193710,695112,243998,162984
3/25/2016,1198928,695112,242560,161185
3/18/2016,1196631,695114,245074,162260
3/11/2016,1187274,695114,249716,161343
3/4/2016,1185955,695112,250463,162478
2/26/2016,1181814,695115,254989,163597
2/19/2016,1171440,695115,256457,160715
2/12/2016,1167939,695116,258693,162375
2/5/2016,1165792,695116,255657,160976
1/29/2016,1166461,695117,254399,159695
1/22/2016,1158670,695118,248461,160472
1/15/2016,1150287,695118,244997,164529
1/8/2016,1146309,695119,240434,165554
1/1/2016,1146076,695120,231996,159418
12/25/2015,1150226,695120,221420,153110
12/18/2015,1147600,695123,220495,151315
12/11/2015,1153477,695123,219384,151976
12/4/2015,1148676,695123,217653,149413
11/27/2015,1152337,695125,216867,144415
11/20/2015,1151160,695125,216732,141364
11/13/2015,1150200,695126,214254,140318
11/6/2015,1149948,695126,213245,141109
10/30/2015,1145968,695127,215347,140757
10/23/2015,1143121,695127,218647,142057
10/16/2015,1139745,695127,219784,145008
10/9/2015,1131718,695128,221302,147630
10/2/2015,1124156,695128,223920,149150
9/25/2015,1121116,695128,222010,151608
9/18/2015,1117163,695130,218756,151875
9/11/2015,1119088,695130,217387,153963
9/4/2015,1121192,695130,214547,150903
8/28/2015,1118790,695133,214163,149951
8/21/2015,1114123,695133,214434,149836
8/14/2015,1119575,695133,212774,148400
8/7/2015,1116956,695134,215482,147806
7/31/2015,1118360,695134,216733,144812
7/24/2015,1122767,695134,215922,144103
7/17/2015,1126971,695135,216285,141515
7/10/2015,1123990,694622,218010,141280
7/3/2015,1127937,694223,217952,137461
6/26/2015,1126915,693692,216737,135820
6/19/2015,1124131,693294,218494,135428
6/12/2015,1128715,692944,217814,133591
6/5/2015,1130792,692345,217354,133477
5/29/2015,1136810,692346,220293,132612
5/22/2015,1138259,691847,220627,128839
5/15/2015,1140474,691260,223936,127724
5/8/2015,1142835,690947,226710,128270
5/1/2015,1145027,690948,227852,130773
4/24/2015,1149129,690948,227451,129270
4/17/2015,1147221,690950,225738,129336
4/10/2015,1141906,690950,227873,128941
4/3/2015,1140614,690952,229945,126924
3/27/2015,1128935,690952,229128,127174
3/20/2015,1124169,690952,233386,125849
3/13/2015,1116000,690953,235400,125883
3/6/2015,1106378,690953,239873,125503
2/27/2015,1101201,690955,240060,122976
2/20/2015,1090898,690955,240014,124698
2/13/2015,1082471,690955,243132,127409
2/6/2015,1074756,690956,242647,131223
1/30/2015,1070430,690957,240670,134475
1/23/2015,1064097,690957,238335,132687
1/16/2015,1055224,690958,240922,136579
1/9/2015,1045154,690959,240334,139851
1/2/2015,1039767,690961,237163,136926
12/26/2014,1043942,690963,229048,125721
12/19/2014,1045696,690963,226097,123847
12/12/2014,1038429,690963,222014,121544
12/5/2014,1039276,690963,216764,121751
11/28/2014,1037980,690965,208567,116174
11/21/2014,1041670,690966,206424,113146
11/14/2014,1039724,690966,204599,114794
11/7/2014,1037116,690966,203565,116850
10/31/2014,1039902,690967,201760,119653
10/24/2014,1039442,690967,203138,120377
10/17/2014,1037382,690968,204374,125671
10/10/2014,1030271,690968,205673,124622
10/3/2014,1021349,690969,209668,126140
9/26/2014,1016435,690970,208488,125701
9/19/2014,1017800,690972,210324,128595
9/12/2014,1022073,690972,210738,127772
9/5/2014,1018400,690972,212373,127493
8/29/2014,1019091,690972,209992,123399
8/22/2014,1019996,690972,212314,122794
8/15/2014,1022066,690972,213274,121542
8/8/2014,1026540,690972,212689,122502
8/1/2014,1025139,690972,213849,124923
7/25/2014,1026603,690972,218236,126721
7/18/2014,1030300,690972,217871,125932
7/11/2014,1034269,690972,214492,124296
7/4/2014,1041794,690972,214321,121768
6/27/2014,1044201,690972,213742,121541
6/20/2014,1047356,690972,214977,120566
6/13/2014,1045614,690972,214267,119389
6/6/2014,1046192,690971,213482,118953
5/30/2014,1048922,690971,211785,118093
5/23/2014,1052353,690971,211575,116081
5/16/2014,1050696,690971,213378,116277
5/9/2014,1058471,691520,212408,112878
5/2/2014,1058868,692864,213180,114002
4/25/2014,1061189,693613,211572,114449
4/18/2014,1060446,694568,210008,112513
4/11/2014,1057460,695106,210282,111916
4/4/2014,1048070,695729,210436,113194
3/28/2014,1044392,695969,215624,112955
3/21/2014,1046771,695969,217198,112401
3/14/2014,1040152,695969,222299,110846
3/7/2014,1034302,695969,223766,113943
2/28/2014,1028422,695969,228996,114476
2/21/2014,1026993,695969,230600,113062
2/14/2014,1026925,695969,233407,112724
2/7/2014,1025952,695969,233098,113063
1/31/2014,1022899,695969,234951,113794
1/24/2014,1022459,695969,234446,116154
1/17/2014,1016038,695969,235265,120738
1/10/2014,1015048,695969,233142,123950
1/3/2014,1022706,695969,226959,124973
12/27/2013,1026664,695969,220716,119147
12/20/2013,1033671,695969,219872,114105
12/13/2013,1038402,695969,220486,115955
12/6/2013,1041343,695969,219149,118065
11/29/2013,1052347,695969,212432,113524
11/22/2013,1057932,695969,210604,110875
11/15/2013,1054979,695969,208853,112541
11/8/2013,1054604,695969,209198,117336
11/1/2013,1051964,695969,210036,117817
10/25/2013,1050775,695969,213791,122716
10/18/2013,1046688,695969,215504,125774
10/11/2013,1041442,695969,217309,124237
10/4/2013,1037443,695969,219879,126038
9/27/2013,1030699,695969,219730,129179
9/20/2013,1025227,695969,216235,130859
9/13/2013,1022592,695969,216018,131093
9/6/2013,1026960,695969,217645,132172
8/30/2013,1027578,695969,215987,129586
8/23/2013,1029414,695969,217814,129037
8/16/2013,1026428,695969,218401,129353
8/9/2013,1027856,695969,222430,128482
8/2/2013,1030668,695969,223599,126455
7/26/2013,1032099,695969,223464,125986
7/19/2013,1031668,695969,222694,126452
7/12/2013,1034493,695969,224083,127679
7/5/2013,1041395,695969,221028,123809
6/28/2013,1051132,695969,223662,120771
6/21/2013,1061479,695969,225381,123189
6/14/2013,1061461,695969,221728,121622
6/7/2013,1061148,695969,221545,122111
5/31/2013,1058519,695969,218797,123274
5/24/2013,1064786,695969,219163,120663
5/17/2013,1061786,695969,220677,118812
5/10/2013,1062124,695969,217662,119864
5/3/2013,1062748,695969,215074,117564
4/26/2013,1062377,695969,215984,115752
4/19/2013,1055681,695969,217802,115278
4/12/2013,1054734,695969,221730,115181
4/5/2013,1055967,695969,222363,112817
3/29/2013,1056085,695969,220664,112986
3/22/2013,1053378,695969,221236,115252
3/15/2013,1050122,695969,222832,119765
3/8/2013,1051436,695969,224308,120437
3/1/2013,1048812,695969,227879,120354
2/22/2013,1045076,695969,228495,124184
2/15/2013,1043946,695969,230352,123627
2/8/2013,1039803,695969,233236,125904
2/1/2013,1039081,695807,234039,129581
1/25/2013,1036400,695460,232301,130623
1/18/2013,1030260,695267,233257,132938
1/11/2013,1027447,695267,234995,132430
1/4/2013,1028083,694952,233085,130744
12/28/2012,1027191,694952,225673,123967
12/21/2012,1038311,694952,223104,119393
12/14/2012,1038897,694952,219322,116970
12/7/2012,1039861,694952,217115,118055
11/30/2012,1039721,694952,212115,115069
11/23/2012,1042078,694952,204255,112042
11/16/2012,1042425,694952,200390,112842
11/9/2012,1043891,694952,201937,115517
11/2/2012,1042802,694952,202377,118056
10/26/2012,1041255,694952,199502,117925
10/19/2012,1043300,694952,198567,118018
10/12/2012,1037404,694952,197128,118664
10/5/2012,1034544,694952,195408,120882
9/28/2012,1033032,694952,195942,124059
9/21/2012,1033514,694952,195828,127748
9/14/2012,1035960,694952,196309,128230
9/7/2012,1027424,694950,197716,128552
8/31/2012,1027015,695950,198893,127076
8/24/2012,1034441,695950,201227,126083
8/17/2012,1030663,695950,202736,125210
8/10/2012,1036075,695950,203698,124218
8/3/2012,1039774,695950,206069,123541
7/27/2012,1043549,695950,207870,124265
7/20/2012,1050072,695951,210044,125239
7/13/2012,1047355,695951,205910,123531
7/6/2012,1048164,695951,207725,120912
6/29/2012,1053019,695951,204973,117800
6/22/2012,1057289,695951,204822,118851
6/15/2012,1057422,695951,202744,121130
6/8/2012,1054561,695951,201801,119974
6/1/2012,1054752,695951,203525,120037
5/25/2012,1056515,695951,200179,117784
5/18/2012,1054302,695951,201012,119493
5/11/2012,1053419,695951,204311,119802
5/4/2012,1051291,695951,207108,120771
4/27/2012,1046002,695951,209721,124022
4/20/2012,1043162,695951,211730,125925
4/13/2012,1039184,695951,213965,128977
4/6/2012,1035328,695951,217636,131885
3/30/2012,1032762,695951,221913,135885
3/23/2012,1023753,695951,223370,135866
3/16/2012,1016651,695951,226907,136577
3/9/2012,1017813,695951,228121,134814
3/2/2012,1016063,695951,229531,139496
2/24/2012,1015215,695951,229927,141440
2/17/2012,1011055,695951,231527,143509
2/10/2012,1009422,695951,232176,143717
2/3/2012,1009593,695951,231776,146584
1/27/2012,1009302,695951,230147,145410
1/20/2012,1005127,695951,227130,145545
1/13/2012,1001569,695951,227520,148001
1/6/2012,1005007,695951,223803,147563
12/30/2011,1003182,695951,220193,143578
12/23/2011,1000973,695951,217714,140354
12/16/2011,997074,695951,218406,139149
12/9/2011,1007644,695951,218818,141502
12/2/2011,1009576,695951,214994,141022
11/25/2011,1008427,695951,209847,138489
11/18/2011,1004495,695951,209634,132963
11/11/2011,1010713,695950,205159,133733
11/4/2011,1011770,695951,204167,135869
10/28/2011,1013358,695951,206274,141889
10/21/2011,1011532,695951,204918,145464
10/14/2011,1006797,695951,206271,149739
10/7/2011,1011531,695956,209595,154005
9/30/2011,1010295,695953,213729,156934
9/23/2011,1014974,695953,214866,157678
9/16/2011,1013045,695939,214075,157606
9/9/2011,1020381,695939,210780,158480
9/2/2011,1028085,696939,208840,156769
8/26/2011,1036932,701825,208641,156060
8/19/2011,1036377,706551,211436,155697
8/12/2011,1043392,711353,210081,153966
8/5/2011,1045073,717267,213591,151517
7/29/2011,1052688,719761,215179,152254
7/22/2011,1056240,724263,213478,151845
7/15/2011,1056212,726531,212456,148460
7/8/2011,1059939,726531,211699,145028
7/1/2011,1063063,726531,212539,142061
6/24/2011,1063936,726531,213173,142252
6/17/2011,1068311,726531,214601,141994
6/10/2011,1070033,726542,215065,140821
6/3/2011,1073439,726542,214492,140926
5/27/2011,1078071,726542,212283,140116
5/20/2011,1075193,726542,209730,141092
5/13/2011,1074577,726542,205936,143132
5/6/2011,1074592,726542,205817,144289
4/29/2011,1070960,726542,204542,145132
4/22/2011,1067539,726542,205588,146530
4/15/2011,1061383,726542,208096,148335
4/8/2011,1063705,726542,209679,150839
4/1/2011,1062078,726542,216679,153520
3/25/2011,1060462,726542,217036,153325
3/18/2011,1057517,726542,219720,152615
3/11/2011,1055386,726542,225040,152608
3/4/2011,1053641,726542,229214,155209
2/25/2011,1051265,726543,234708,159186
2/18/2011,1051629,726543,238298,159937
2/11/2011,1050807,726543,241096,161270
2/4/2011,1049948,726544,240891,164366
1/28/2011,1048117,726544,236228,164078
1/21/2011,1045523,726544,230074,165657
1/14/2011,1040687,726544,227670,165797
1/7/2011,1038071,726545,223227,164759
12/31/2010,1040464,726546,218146,162107
12/24/2010,1044625,726546,214857,160959
12/17/2010,1045883,726546,217173,160716
12/10/2010,1051218,726548,214773,161305
12/3/2010,1061072,726548,213964,160211
11/26/2010,1065206,726548,210153,158057
11/19/2010,1064141,726549,209592,158251
11/12/2010,1063113,726550,207679,158792
11/5/2010,1070399,726550,210336,159902
10/29/2010,1073946,726552,212253,164874
10/22/2010,1071996,726552,214942,168442
10/15/2010,1066948,726511,219329,170055
10/8/2010,1066283,726513,218174,172210
10/1/2010,1066536,726350,219943,172465
9/24/2010,1063693,726350,222589,173589
9/17/2010,1063995,726177,226058,174854
9/10/2010,1063429,726581,224468,174507
9/3/2010,1065918,726581,225162,174847
8/27/2010,1067688,726583,225405,175235
8/20/2010,1064264,726584,225617,175974
8/13/2010,1060158,726586,223344,174211
8/6/2010,1060976,726586,223383,173142
7/30/2010,1063977,726589,222974,169686
7/23/2010,1066761,726589,222245,167513
7/16/2010,1059455,726591,222154,166575
7/9/2010,1059095,726591,221036,162640
7/2/2010,1064153,726591,219435,159697
6/25/2010,1069198,726592,218115,159376
6/18/2010,1071207,726594,217578,156919
6/11/2010,1069190,726594,218340,156622
6/4/2010,1067501,726595,218976,154824
5/28/2010,1069176,726595,218984,152988
5/21/2010,1071080,726597,221631,152543
5/14/2010,1068620,726597,221834,152810
5/7/2010,1068460,726599,222128,153789
4/30/2010,1066543,726601,224942,152393
4/23/2010,1063788,726601,223685,151820
4/16/2010,1061826,726602,224925,148883
4/9/2010,1059934,726604,221338,146787
4/2/2010,1062138,726606,222374,145680
3/26/2010,1059993,726607,224872,144606
3/19/2010,1057064,726607,224559,145691
3/12/2010,1049820,726608,227274,148113
3/5/2010,1048808,726608,228984,149604
2/26/2010,1047340,726610,231943,151821
2/19/2010,1043308,726612,231170,152664
2/12/2010,1040274,726612,232065,153255
2/5/2010,1037189,726612,230445,156192
1/29/2010,1034898,726615,228121,156548
1/22/2010,1032581,726615,229427,157496
1/15/2010,1036470,726616,227442,157138
1/8/2010,1036941,726616,223492,160401
1/1/2010,1033243,726617,219701,159048
12/25/2009,1034096,726127,215964,159281
12/18/2009,1035635,726128,216330,161336
12/11/2009,1040477,726129,217213,164363
12/4/2009,1044166,726129,216334,167317
11/27/2009,1047435,725603,214081,165698
11/20/2009,1044821,725080,210085,166868
11/13/2009,1043803,725081,209082,167397
11/6/2009,1044690,725081,210837,167725
10/30/2009,1042903,725082,208277,167376
10/23/2009,1046839,725082,208564,167754
10/16/2009,1046063,725084,206945,169888
10/9/2009,1044753,725086,209159,170672
10/2/2009,1044419,725086,214389,171756
9/25/2009,1045554,725087,211452,171077
9/18/2009,1042760,725089,213109,170754
9/11/2009,1039407,724591,207700,167793
9/4/2009,1043637,724092,207153,165556
8/28/2009,1049443,724092,205085,163563
8/21/2009,1049816,724093,208054,162384
8/14/2009,1049688,724093,209754,161617
8/7/2009,1058086,724094,211931,162267
7/31/2009,1055392,724096,212858,161481
7/24/2009,1053722,724096,213076,162617
7/17/2009,1048571,724097,215391,160509
7/10/2009,1050368,724098,214578,159291
7/3/2009,1052501,723418,213140,158738
6/26/2009,1055203,723419,211238,154999
6/19/2009,1058224,722780,208905,152103
6/12/2009,1061597,722285,205034,150026
6/5/2009,1064886,721700,201649,149718
5/29/2009,1069282,721700,203202,150036
5/22/2009,1066332,721616,203417,148375
5/15/2009,1070460,720331,203954,148127
5/8/2009,1071826,719592,208291,147455
5/1/2009,1075600,718737,212445,146533
4/24/2009,1072582,716673,212612,144105
4/17/2009,1067304,715448,217307,142311
4/10/2009,1062149,714150,216505,139629
4/3/2009,1055215,712887,217449,140799
3/27/2009,1051927,711015,216793,144153
3/20/2009,1047411,709343,214568,143932
3/13/2009,1042262,707496,215712,145516
3/6/2009,1038519,705695,212517,145404
2/27/2009,1037212,704903,215510,143296
2/20/2009,1037237,704171,215342,141634
2/13/2009,1036291,703942,218664,140752
2/6/2009,1036330,703843,217559,141565
1/30/2009,1031387,703519,220221,142591
1/23/2009,1023494,702796,219859,143952
1/16/2009,1016543,702063,219980,144957
1/9/2009,1010270,701890,213505,144167
1/2/2009,1009060,701824,211437,137821
12/26/2008,1002966,701824,208103,136031
12/19/2008,1002419,701826,207295,135337
12/12/2008,1005522,701828,203959,133523
12/5/2008,1004997,701828,202664,130587
11/28/2008,1004647,701830,198942,124973
11/21/2008,1005103,701830,200476,126694
11/14/2008,997823,701830,198634,126880
11/7/2008,996225,701831,198095,128351
10/31/2008,996277,701833,196113,127835
10/24/2008,996223,701833,194990,126629
10/17/2008,995784,701887,196497,124304
10/10/2008,992849,702134,193788,122148
10/3/2008,987518,702414,186815,122601
9/26/2008,981326,704414,179640,123090
9/19/2008,978423,705789,178739,125449
9/12/2008,981366,707212,184634,129625
9/5/2008,987695,707213,187942,130460
8/29/2008,993575,707213,194404,131712
8/22/2008,995473,707213,195441,132125
8/15/2008,995651,707214,196620,132068
8/8/2008,986262,707215,202822,131587
8/1/2008,986178,706815,209216,133346
7/25/2008,984165,706300,213560,130505
7/18/2008,984130,706184,217085,128109
7/11/2008,985572,706068,214238,125690
7/4/2008,982508,705956,211766,122501
6/27/2008,988081,705823,210857,120685
6/20/2008,989086,704846,208757,119421
6/13/2008,988181,704744,208910,116598
6/6/2008,988932,704253,210088,113981
5/30/2008,993358,704102,209090,111704
5/23/2008,997347,703289,206155,109431
5/16/2008,1005591,702650,209413,107790
5/9/2008,1010250,701992,210168,107062
5/2/2008,1009413,701331,211883,105724
4/25/2008,1003768,701339,211089,105831
4/18/2008,999713,701132,212572,104702
4/11/2008,997173,701013,215751,106079
4/4/2008,998888,700372,221268,106027
3/28/2008,1001473,699750,224710,109720
3/21/2008,993909,699503,229235,111349
3/14/2008,993822,699504,232520,113490
3/7/2008,993007,698822,235967,116400
2/29/2008,986496,698711,234276,117625
2/22/2008,989418,698577,232619,119952
2/15/2008,985959,698349,230264,122527
2/8/2008,981755,698349,229236,126973
2/1/2008,980594,698254,227487,127139
1/25/2008,973617,698145,223899,127004
1/18/2008,970063,698146,220341,128543
1/11/2008,967689,698069,215256,129845
1/4/2008,961910,696549,213063,128693
12/28/2007,968240,696375,207842,127177
12/21/2007,971422,695501,205857,126608
12/14/2007,974820,695600,205221,129376
12/7/2007,982309,695503,202241,131534
11/30/2007,983304,695409,200623,132344
11/23/2007,990581,694773,196628,130916
11/16/2007,991033,694773,195190,131005
11/9/2007,992011,694680,195027,133412
11/2/2007,988552,694035,194313,135377
10/26/2007,989420,693943,195132,135279
10/19/2007,993222,693851,193837,134471
10/12/2007,997964,693305,195768,136318
10/5/2007,995678,692803,193000,135324
9/28/2007,997488,692804,191325,135887
9/21/2007,996087,692541,191366,137060
9/14/2007,992616,690912,190834,135527
9/7/2007,996015,690437,190417,133963
8/31/2007,1002862,690271,191083,132170
8/24/2007,1006834,690271,192564,129914
8/17/2007,1010319,690270,196231,129025
8/10/2007,1008429,690270,201940,127669
8/3/2007,1013596,690270,202997,127516
7/27/2007,1017557,690270,204720,126542
7/20/2007,1024054,690270,204134,123653
7/13/2007,1025157,690270,203341,122225
7/6/2007,1025606,690270,205576,122370
6/29/2007,1027194,690270,204433,121610
6/22/2007,1024043,690270,202582,120448
6/15/2007,1022481,690270,203331,122723
6/8/2007,1015579,690270,201540,122566
6/1/2007,1015497,690270,201537,122279
5/25/2007,1015002,689988,198027,120415
5/18/2007,1016661,689691,196666,120268
5/11/2007,1014610,689609,195235,119756
5/4/2007,1013417,689477,193471,118764
4/27/2007,1007781,689313,193099,117134
4/20/2007,1006324,689025,194214,117332
4/13/2007,1004140,688915,197007,117327
4/6/2007,1004880,688661,199725,118122
3/30/2007,1003990,688603,205201,117952
3/23/2007,999683,688603,210231,118029
3/16/2007,1000530,688604,210489,118729
3/9/2007,996606,688604,213939,120439
3/2/2007,995426,688604,216425,123172
2/23/2007,1000324,688605,220175,124503
2/16/2007,998903,688605,222115,128290
2/9/2007,995209,688605,225156,133327
2/2/2007,995798,688605,227214,136345
1/26/2007,996316,688605,224614,139977
1/19/2007,993632,688605,220795,142625
1/12/2007,992843,688605,216786,141875
1/5/2007,986075,688605,213295,140965
12/29/2006,991824,688605,209532,135563
12/22/2006,993123,688605,203853,133592
12/15/2006,1001255,688605,200915,133120
12/8/2006,1007578,688605,199857,131914
12/1/2006,1011873,688605,200031,132359
11/24/2006,1013063,688605,201069,132818
11/17/2006,1013423,688605,201658,133820
11/10/2006,1008262,688605,200252,135018
11/3/2006,1006889,688515,204033,138583
10/27/2006,1006295,688438,204617,141258
10/20/2006,1004142,688195,207416,143981
10/13/2006,1007078,687926,210175,145399
10/6/2006,1002059,687927,215397,149946
9/29/2006,999839,687838,215052,151466
9/22/2006,996484,687838,213899,151288
9/15/2006,996594,687839,207554,148670
9/8/2006,999443,687840,206994,144588
9/1/2006,1002349,687842,206880,139947
8/25/2006,1004453,687842,206162,136845
8/18/2006,1001973,687843,205795,135481
8/11/2006,1002618,687845,205393,133170
8/4/2006,1004225,687845,207659,132422
7/28/2006,1005412,687846,210868,132558
7/21/2006,1007187,687847,211030,131897
7/14/2006,1007157,687847,214194,131098
7/7/2006,1007007,687848,212651,129899
6/30/2006,1013687,688598,213077,127323
6/23/2006,1016108,688598,212350,126287
6/16/2006,1019438,688599,213440,124450
6/9/2006,1018051,688597,213146,122759
6/2/2006,1019032,688598,210331,120653
5/26/2006,1017749,688598,209277,118892
5/19/2006,1016151,688599,208483,117057
5/12/2006,1019149,688599,206375,114580
5/5/2006,1018672,688057,205050,114700
4/28/2006,1017903,687614,202708,114530
4/21/2006,1015678,687116,200594,115596
4/14/2006,1015684,686896,202482,114580
4/7/2006,1016051,686457,207927,117368
3/31/2006,1012742,686300,211782,121608
3/24/2006,1010032,685700,216226,124172
3/17/2006,1007502,685200,221563,126672
3/10/2006,1008412,684800,223884,127542
3/3/2006,1003576,684800,224765,131436
2/24/2006,996735,684600,225867,134096
2/17/2006,994797,684300,225648,135602
2/10/2006,993276,683900,225459,136862
2/3/2006,988423,683900,223344,135955
1/27/2006,988635,683700,219044,136268
1/20/2006,987512,684496,214763,136466
1/13/2006,989625,684300,211635,134677
1/6/2006,986884,684300,208778,133766
12/30/2005,990127,684600,204259,128904
12/23/2005,991640,685100,202853,126790
12/16/2005,991522,685100,204074,127680
12/9/2005,990722,685600,204375,130501
12/2/2005,989830,685600,202609,130589
11/25/2005,986543,685100,199868,127852
11/18/2005,990031,684400,200413,124539
11/11/2005,989977,684700,200175,123374
11/4/2005,991936,684500,201127,120847
10/28/2005,988227,685200,196904,120931
10/21/2005,987393,687100,195869,121090
10/14/2005,984579,688700,195710,122712
10/7/2005,980844,690520,192803,124627
9/30/2005,982648,693250,195454,128034
9/23/2005,985144,695500,199831,133560
9/16/2005,988520,696464,195431,134133
9/9/2005,991578,699200,191959,133313
9/2/2005,999438,700500,190067,134418
8/26/2005,1005863,700500,194369,135234
8/19/2005,1007114,700231,194877,132489
8/12/2005,1004787,699756,198122,131063
8/5/2005,1003723,698933,203091,129872
7/29/2005,1000241,698205,205177,127274
7/22/2005,999840,698000,209194,125789
7/15/2005,1001569,697484,211322,122652
7/8/2005,1001985,697000,212641,120426
7/1/2005,1005184,696300,215266,117233
6/24/2005,1008253,695800,216240,113166
6/17/2005,1006912,695563,215939,111530
6/10/2005,1007863,694935,215742,110156
6/3/2005,1008650,693939,216647,107729
5/27/2005,1011001,693295,216678,106438
5/20/2005,1009127,692909,215374,105655
5/13/2005,1010372,692467,214765,103759
5/6/2005,1005574,692012,213694,103978
4/29/2005,1002342,691215,213507,102283
4/22/2005,999187,690740,211306,102601
4/15/2005,992836,689804,211636,104044
4/8/2005,993556,688751,213100,103993
4/1/2005,988651,687500,212252,104110
3/25/2005,985227,686878,214358,103438
3/18/2005,978334,685368,217293,104514
3/11/2005,972526,683657,221352,107273
3/4/2005,968291,682015,224282,109212
2/25/2005,964814,681513,224483,110022
2/18/2005,961965,681059,223510,111760
2/11/2005,960813,680515,221678,112516
2/4/2005,957831,679675,216757,115607
1/28/2005,958193,678627,216342,118598
1/21/2005,957508,677618,214712,121485
1/14/2005,952921,676460,216969,123764
1/7/2005,948666,675606,215333,122980
12/31/2004,949442,674000,214327,121099
12/24/2004,952267,673606,212251,119129
12/17/2004,953126,673606,211381,119920
12/10/2004,950630,673234,209616,119336
12/3/2004,950294,672772,208096,119299
11/26/2004,948228,671247,205741,117922
11/19/2004,947379,671247,202741,115607
11/12/2004,947295,671248,200879,114577
11/5/2004,945555,670323,201270,115578
10/29/2004,943244,669715,201677,115715
10/22/2004,936852,669595,201163,116576
10/15/2004,932262,668949,199883,119020
10/8/2004,931315,669200,200616,120923
10/1/2004,928062,670150,199429,123360
9/24/2004,927473,670442,198846,125487
9/17/2004,923487,669857,199654,126817
9/10/2004,932043,669301,202493,128321
9/3/2004,938757,669003,204073,126649
8/27/2004,939800,668516,206552,126355
8/20/2004,942724,667208,205743,125050
8/13/2004,943398,666182,205742,124567
8/6/2004,944097,665670,208296,122490
7/30/2004,947080,664516,210108,121152
7/23/2004,948346,663967,207651,119091
7/16/2004,946080,662873,208420,118421
7/9/2004,949656,662876,205903,116729
7/2/2004,951332,662380,206108,114024
6/25/2004,951242,662380,205148,110918
6/18/2004,950705,661339,205134,110389
6/11/2004,948290,661339,205943,109758
6/4/2004,947442,661343,206432,108331
5/28/2004,945730,660346,204279,108936
5/21/2004,942085,659480,203017,108667
5/14/2004,941911,659331,203674,109178
5/7/2004,942709,659033,202450,107527
4/30/2004,940336,657588,203996,107219
4/23/2004,939155,656502,199958,104787
4/16/2004,933786,654312,199083,104632
4/9/2004,932251,652985,197451,103896
4/2/2004,928261,652143,200057,105185
3/26/2004,928421,650882,200885,109739
3/19/2004,921410,649569,199523,110415
3/12/2004,912509,648200,199626,111767
3/5/2004,910271,647542,200420,112747
2/27/2004,905673,646581,202014,111309
2/20/2004,902419,645327,203378,111380
2/13/2004,900536,643444,205023,112470
2/6/2004,894047,641855,204417,118258
1/30/2004,896308,641063,205593,124152
1/23/2004,887785,640462,206040,131023
1/16/2004,888425,639586,209484,135469
